Document,Topic,Name,Top_n_words,Probability,Representative_document,index,nom,groupe,date_seance,nb_mots_approx,profession,titre,titre_complet,intervention,sexe,n_y_naissance,label,titre_regexed,contexte,proba_gauche
"Si vous m'y autorisez, monsieur le président, je défendrai en même temps l'amendement no 3 pour aller plus rapidement.",118,118_défendrai_permettez_no_amendements,défendrai - permettez - no - amendements - temps - président - conjointement - même - présenterai - nos,0.29553588659681074,False,55239,Éric Ciotti,LR,2017-07-06,19,Autre profession,après l'article 2,prorogation de l'état d'urgence > après l'article 2,"Si vous m'y autorisez, monsieur le président, je défendrai en même temps l'amendement no 3 pour aller plus rapidement.",H,0.6951219512195121,2.0,après Article X,prorogation de l'état d'urgence,0.06751587
"Nous vous demandons de mettre en place ce dispositif dans le cadre, encore, du principe de précaution. Il faut agir avant qu'un attentat ne soit commis : après, c'est trop tard !",52,52_sécurité_cybersécurité_sûreté_répression,sécurité - cybersécurité - sûreté - répression - précaution - terroristes - concitoyens - menace - composée - responsabiliser,0.027674184044075588,False,55247,Éric Ciotti,LR,2017-07-06,32,Autre profession,après l'article 3,prorogation de l'état d'urgence > après l'article 3,"Nous vous demandons de mettre en place ce dispositif dans le cadre, encore, du principe de précaution. Il faut agir avant qu'un attentat ne soit commis : après, c'est trop tard !",H,0.6951219512195121,2.0,après Article X,prorogation de l'état d'urgence,0.09156881
"Nous suivons toujours ce « long chemin tragique » et nous ne pouvons, hélas ! en percevoir le terme. Depuis ces dates tragiques – 7 janvier 2015, 13 novembre 2015, 14 juillet 2016 à Nice – , 239 de nos compatriotes sont décédés et plus de 800 ont été blessés. C'est une cicatrice indélébile. C'est un stigmate terrible pour notre nation.",40,40_soldats_guerre_morts_sacrifice,soldats - guerre - morts - sacrifice - défendre - hommes - 1944 - ceux - ont - histoire,0.19595212291705275,False,55254,Éric Ciotti,LR,2017-09-25,61,Autre profession,motion de rejet préalable,sécurité intérieure et lutte contre le terrorisme > motion de rejet préalable,"Nous suivons toujours ce « long chemin tragique » et nous ne pouvons, hélas ! en percevoir le terme. Depuis ces dates tragiques – 7 janvier 2015, 13 novembre 2015, 14 juillet 2016 à Nice – , 239 de nos compatriotes sont décédés et plus de 800 ont été blessés. C'est une cicatrice indélébile. C'est un stigmate terrible pour notre nation.",H,0.6951219512195121,2.0,motion de rejet préalable,sécurité intérieure et lutte contre le terrorisme,0.00032404668
"Des noms portent le martyre et le sacrifice de ces victimes : Jessica Schneider, Jean-Baptiste Salvaing, le père Hamel, Xavier Jugelé et tant d'autres, qui forment le long cortège de ceux qui ont eu à subir dans leur chair la barbarie islamiste.",40,40_soldats_guerre_morts_sacrifice,soldats - guerre - morts - sacrifice - défendre - hommes - 1944 - ceux - ont - histoire,1.0,True,55260,Éric Ciotti,LR,2017-09-25,42,Autre profession,motion de renvoi en commission,sécurité intérieure et lutte contre le terrorisme > motion de renvoi en commission,"Des noms portent le martyre et le sacrifice de ces victimes : Jessica Schneider, Jean-Baptiste Salvaing, le père Hamel, Xavier Jugelé et tant d'autres, qui forment le long cortège de ceux qui ont eu à subir dans leur chair la barbarie islamiste.",H,0.6951219512195121,2.0,motion de renvoi en commission,sécurité intérieure et lutte contre le terrorisme,0.000785694
"… que nous avons recréés ensuite mais qui ont été à nouveau supprimés un peu plus tard. De même, la Cour des comptes a souligné qu'il y avait moins de policiers et de gendarmes en 2015 qu'en 2012.",78,78_millions_dividendes_milliards_pauvres,millions - dividendes - milliards - pauvres - 2017 - pays - arnaque - capital - plus - entreprise,1.0,True,55284,Éric Ciotti,LR,2017-09-25,38,Autre profession,motion de renvoi en commission,sécurité intérieure et lutte contre le terrorisme > motion de renvoi en commission,"… que nous avons recréés ensuite mais qui ont été à nouveau supprimés un peu plus tard. De même, la Cour des comptes a souligné qu'il y avait moins de policiers et de gendarmes en 2015 qu'en 2012.",H,0.6951219512195121,2.0,motion de renvoi en commission,sécurité intérieure et lutte contre le terrorisme,0.011487209
"La politique, l'État, la République doivent toujours primer sur le religieux. La loi de la République doit toujours s'imposer face aux lois des religions.",51,51_laïcité_1905_république_école,laïcité - 1905 - république - école - religions - concordat - géométrie - variable - fondamentaux - cultes,0.07947654633064143,False,55288,Éric Ciotti,LR,2017-09-25,24,Autre profession,motion de renvoi en commission,sécurité intérieure et lutte contre le terrorisme > motion de renvoi en commission,"La politique, l'État, la République doivent toujours primer sur le religieux. La loi de la République doit toujours s'imposer face aux lois des religions.",H,0.6951219512195121,2.0,motion de renvoi en commission,sécurité intérieure et lutte contre le terrorisme,0.06841205
"… n'y demeurent pas, cela allégerait, selon moi, la charge des services et améliorerait la sécurité nationale.",116,116_ticket_véhicules_utiliser_transport,ticket - véhicules - utiliser - transport - mobilités - covoiturage - privilégier - leurs - acheter - leur,1.0,False,55339,Éric Ciotti,LR,2017-09-28,17,Autre profession,après l'article 7 bis,sécurité intérieure et lutte contre le terrorisme > après l'article 7 bis,"… n'y demeurent pas, cela allégerait, selon moi, la charge des services et améliorerait la sécurité nationale.",H,0.6951219512195121,2.0,après Article X bis,sécurité intérieure et lutte contre le terrorisme,0.28514585
"Quant à ce que j'ai dit de la proposition de transmettre l'information aux maires simplement pour qu'ils en aient connaissance, je n'ai fait preuve d'aucun mépris vis-à-vis des maires, monsieur Naegelen ; au contraire, ils ont tout mon respect et toute ma confiance. Simplement, ce n'est pas un service à leur rendre.",15,15_propos_je_pas_ne,propos - je - pas - ne - vous - arguments - ai - invectives - que - ce,0.12620162751337857,False,55358,Éric Ciotti,LR,2017-09-28,52,Autre profession,après l'article 7 bis,sécurité intérieure et lutte contre le terrorisme > après l'article 7 bis,"Quant à ce que j'ai dit de la proposition de transmettre l'information aux maires simplement pour qu'ils en aient connaissance, je n'ai fait preuve d'aucun mépris vis-à-vis des maires, monsieur Naegelen ; au contraire, ils ont tout mon respect et toute ma confiance. Simplement, ce n'est pas un service à leur rendre.",H,0.6951219512195121,2.0,après Article X bis,sécurité intérieure et lutte contre le terrorisme,0.8770888
"Je souscris pleinement aux propos que viennent de tenir Marine Brenier et Olivier Marleix. Plusieurs pays utilisent ce dispositif, à la mise au point duquel des entreprises françaises ont contribué. Des municipalités comme celle de Nice l'ont expérimenté et même davantage. Ne perdons pas de temps ! Je ne comprends pas cette réticence à placer les nouvelles technologies au service de la sécurité.",74,74_5g_sécurité_policiers_technologies,5g - sécurité - policiers - technologies - bureaucratie - trafiquants - policière - ovm - développement - efficacité,1.0,True,55366,Éric Ciotti,LR,2017-09-28,63,Autre profession,après l'article 8 ter,sécurité intérieure et lutte contre le terrorisme > après l'article 8 ter,"Je souscris pleinement aux propos que viennent de tenir Marine Brenier et Olivier Marleix. Plusieurs pays utilisent ce dispositif, à la mise au point duquel des entreprises françaises ont contribué. Des municipalités comme celle de Nice l'ont expérimenté et même davantage. Ne perdons pas de temps ! Je ne comprends pas cette réticence à placer les nouvelles technologies au service de la sécurité.",H,0.6951219512195121,2.0,après Article X ter,sécurité intérieure et lutte contre le terrorisme,0.55668545
"Pourquoi, monsieur le ministre d'État, ce préfet serait-il plus responsable que le magistrat qui n'a pas poursuivi l'assassin des deux jeunes femmes sur le parvis de la gare Saint-Charles ? Cet assassin avait été mis en cause six fois précédemment !",23,23_benalla_élysée_alexandre_badge,benalla - élysée - alexandre - badge - affaire - préfet - macron - police - cabinet - équipe,0.018842537328621813,False,55372,Éric Ciotti,LR,2017-10-11,41,Autre profession,motion de rejet préalable,sécurité intérieure et lutte contre le terrorisme > motion de rejet préalable,"Pourquoi, monsieur le ministre d'État, ce préfet serait-il plus responsable que le magistrat qui n'a pas poursuivi l'assassin des deux jeunes femmes sur le parvis de la gare Saint-Charles ? Cet assassin avait été mis en cause six fois précédemment !",H,0.6951219512195121,2.0,motion de rejet préalable,sécurité intérieure et lutte contre le terrorisme,0.0059687193
"Les exigences procédurales absorbent aujourd'hui 40 % du temps consacré par les policiers aux enquêtes. Vous le savez, ils nous demandent de simplifier et de dématérialiser ces procédures pour pouvoir enfin se recentrer sur leur mission première : la sécurité des Français, première des libertés.",74,74_5g_sécurité_policiers_technologies,5g - sécurité - policiers - technologies - bureaucratie - trafiquants - policière - ovm - développement - efficacité,1.0,False,55385,Éric Ciotti,LR,2017-10-11,45,Autre profession,motion de rejet préalable,sécurité intérieure et lutte contre le terrorisme > motion de rejet préalable,"Les exigences procédurales absorbent aujourd'hui 40 % du temps consacré par les policiers aux enquêtes. Vous le savez, ils nous demandent de simplifier et de dématérialiser ces procédures pour pouvoir enfin se recentrer sur leur mission première : la sécurité des Français, première des libertés.",H,0.6951219512195121,2.0,motion de rejet préalable,sécurité intérieure et lutte contre le terrorisme,0.01086441
"Aussi, à regret, car ce sera la première fois depuis 2012, le groupe Les Républicains votera à la quasi-unanimité contre un projet de loi sur ce sujet, et demande l'adoption de la motion de rejet préalable.",2,2_motion_renvoi_amendements_rejet,motion - renvoi - amendements - rejet - groupe - commission - nous - texte - républicains - préalable,1.0,False,55388,Éric Ciotti,LR,2017-10-11,36,Autre profession,motion de rejet préalable,sécurité intérieure et lutte contre le terrorisme > motion de rejet préalable,"Aussi, à regret, car ce sera la première fois depuis 2012, le groupe Les Républicains votera à la quasi-unanimité contre un projet de loi sur ce sujet, et demande l'adoption de la motion de rejet préalable.",H,0.6951219512195121,2.0,motion de rejet préalable,sécurité intérieure et lutte contre le terrorisme,0.025804268
"On ne peut concevoir – tel est du moins l'avis des membres du groupe Les Républicains – l'examen d'une demande d'asile si l'intéressé refuse que l'on relève ses empreintes digitales. Comme l'ont clairement affirmé les sénateurs, un tel refus devrait constituer un motif suffisant d'interruption immédiate de l'examen de la demande d'asile.",17,17_asile_demandes_nationalité_pays,asile - demandes - nationalité - pays - france - étrangers - étranger - réfugié - française - territoire,0.05507333819800167,False,55417,Éric Ciotti,LR,2018-02-15,52,Autre profession,discussion générale,bonne application du régime d'asile européen > discussion générale,"On ne peut concevoir – tel est du moins l'avis des membres du groupe Les Républicains – l'examen d'une demande d'asile si l'intéressé refuse que l'on relève ses empreintes digitales. Comme l'ont clairement affirmé les sénateurs, un tel refus devrait constituer un motif suffisant d'interruption immédiate de l'examen de la demande d'asile.",H,0.6951219512195121,2.0,discussion générale,bonne application du régime d'asile européen,0.74281734
"Avec 262 000 titres de séjour octroyés en 2017, vous détenez, depuis votre arrivée au pouvoir, le record en la matière.",17,17_asile_demandes_nationalité_pays,asile - demandes - nationalité - pays - france - étrangers - étranger - réfugié - française - territoire,0.05871495338884532,False,55425,Éric Ciotti,LR,2018-02-15,21,Autre profession,article 1er,bonne application du régime d'asile européen > article 1er,"Avec 262 000 titres de séjour octroyés en 2017, vous détenez, depuis votre arrivée au pouvoir, le record en la matière.",H,0.6951219512195121,2.0,Article Xer,bonne application du régime d'asile européen,0.17743944
"Alors que plus de 1,3 million de titres de séjours ont été délivrés entre 2012 et 2017, notre pays compterait au moins – selon vos chiffres mêmes, monsieur le ministre d'État – 400 000 étrangers en situation irrégulière.",17,17_asile_demandes_nationalité_pays,asile - demandes - nationalité - pays - france - étrangers - étranger - réfugié - française - territoire,0.07878230153913154,False,55438,Éric Ciotti,LR,2018-04-16,38,Autre profession,motion de renvoi en commission,immigration maîtrisée droit d'asile effectif et intégration réussie > motion de renvoi en commission,"Alors que plus de 1,3 million de titres de séjours ont été délivrés entre 2012 et 2017, notre pays compterait au moins – selon vos chiffres mêmes, monsieur le ministre d'État – 400 000 étrangers en situation irrégulière.",H,0.6951219512195121,2.0,motion de renvoi en commission,immigration maîtrisée droit d'asile effectif et intégration réussie,0.00084014446
"En France, les demandes d'asile ont dépassé le seuil des 100 000 – et même, en 2017, les 121 0000 aux guichets uniques – , alors même – vous l'avez opportunément rappelé, monsieur le ministre d'État – qu'elles diminuent significativement dans l'ensemble de l'Europe.",17,17_asile_demandes_nationalité_pays,asile - demandes - nationalité - pays - france - étrangers - étranger - réfugié - française - territoire,0.1084757826976358,False,55439,Éric Ciotti,LR,2018-04-16,44,Autre profession,motion de renvoi en commission,immigration maîtrisée droit d'asile effectif et intégration réussie > motion de renvoi en commission,"En France, les demandes d'asile ont dépassé le seuil des 100 000 – et même, en 2017, les 121 0000 aux guichets uniques – , alors même – vous l'avez opportunément rappelé, monsieur le ministre d'État – qu'elles diminuent significativement dans l'ensemble de l'Europe.",H,0.6951219512195121,2.0,motion de renvoi en commission,immigration maîtrisée droit d'asile effectif et intégration réussie,0.03193024
"Dans ce contexte sombre et préoccupant, votre intention, monsieur le ministre, à travers votre projet de loi, est de faire preuve de fermeté : nous avons bien entendu votre discours.",54,54_engagements_votre_ministre_premier,engagements - votre - ministre - premier - pris - promesses - rassurer - vous - prêt - engagement,0.07111704935886347,False,55442,Éric Ciotti,LR,2018-04-16,30,Autre profession,motion de renvoi en commission,immigration maîtrisée droit d'asile effectif et intégration réussie > motion de renvoi en commission,"Dans ce contexte sombre et préoccupant, votre intention, monsieur le ministre, à travers votre projet de loi, est de faire preuve de fermeté : nous avons bien entendu votre discours.",H,0.6951219512195121,2.0,motion de renvoi en commission,immigration maîtrisée droit d'asile effectif et intégration réussie,0.00060205744
"Quand on parle de souveraineté et du devenir de notre nation, le « en même temps » fondateur du macronisme apparaît comme un exercice bien désuet et très vain.",11,11_europe_européenne_union_européen,europe - européenne - union - européen - défense - peuples - france - européennes - européens - notre,0.08786470382448985,False,55446,Éric Ciotti,LR,2018-04-16,29,Autre profession,motion de renvoi en commission,immigration maîtrisée droit d'asile effectif et intégration réussie > motion de renvoi en commission,"Quand on parle de souveraineté et du devenir de notre nation, le « en même temps » fondateur du macronisme apparaît comme un exercice bien désuet et très vain.",H,0.6951219512195121,2.0,motion de renvoi en commission,immigration maîtrisée droit d'asile effectif et intégration réussie,0.0070666587
"Je m'attarderai sur l'article 3 – sans doute celui qui comprend le plus de dispositions à risques – qui prévoit l'extension du droit au regroupement familial non plus uniquement aux ascendants, mais également aux frères et soeurs du mineur protégé. Cette mesure va créer un appel d'air pour les passeurs, pour les filières de traite des êtres humains et notamment d'enfants.",56,56_concubinage_regroupement_familial_séjour,concubinage - regroupement - familial - séjour - prouver - acte - extension - familiale - étranger - couples,0.04093092919769098,False,55455,Éric Ciotti,LR,2018-04-16,61,Autre profession,motion de renvoi en commission,immigration maîtrisée droit d'asile effectif et intégration réussie > motion de renvoi en commission,"Je m'attarderai sur l'article 3 – sans doute celui qui comprend le plus de dispositions à risques – qui prévoit l'extension du droit au regroupement familial non plus uniquement aux ascendants, mais également aux frères et soeurs du mineur protégé. Cette mesure va créer un appel d'air pour les passeurs, pour les filières de traite des êtres humains et notamment d'enfants.",H,0.6951219512195121,2.0,motion de renvoi en commission,immigration maîtrisée droit d'asile effectif et intégration réussie,0.0005193616
"Oui, vous êtes obligés de « communiquer là-dessus », chers collègues. Nous vous le demandons ! Nous vous posons donc solennellement la question, monsieur le ministre d'État, et nous demandons qu'elle soit débattue en commission : y a-t-il, oui ou non, un plan caché de régularisation des étrangers en situation illégale dans notre pays ?",36,36_immigration_régularisation_clandestins_question,immigration - régularisation - clandestins - question - 40 - régularisés - asile - 000 - nous - régularisations,0.3180903863887175,False,55464,Éric Ciotti,LR,2018-04-16,55,Autre profession,motion de renvoi en commission,immigration maîtrisée droit d'asile effectif et intégration réussie > motion de renvoi en commission,"Oui, vous êtes obligés de « communiquer là-dessus », chers collègues. Nous vous le demandons ! Nous vous posons donc solennellement la question, monsieur le ministre d'État, et nous demandons qu'elle soit débattue en commission : y a-t-il, oui ou non, un plan caché de régularisation des étrangers en situation illégale dans notre pays ?",H,0.6951219512195121,2.0,motion de renvoi en commission,immigration maîtrisée droit d'asile effectif et intégration réussie,0.0031844329
"Ensuite, nous devons nous attaquer à l'un des principaux freins à l'éloignement, qui tient à la difficulté d'obtenir des laissez-passer consulaires de la part de certains pays. Pour éviter les manoeuvres dilatoires des consulats, il conviendra de conditionner le versement de toute aide publique au développement à leur délivrance.",17,17_asile_demandes_nationalité_pays,asile - demandes - nationalité - pays - france - étrangers - étranger - réfugié - française - territoire,0.07228854234579955,False,55467,Éric Ciotti,LR,2018-04-16,49,Autre profession,motion de renvoi en commission,immigration maîtrisée droit d'asile effectif et intégration réussie > motion de renvoi en commission,"Ensuite, nous devons nous attaquer à l'un des principaux freins à l'éloignement, qui tient à la difficulté d'obtenir des laissez-passer consulaires de la part de certains pays. Pour éviter les manoeuvres dilatoires des consulats, il conviendra de conditionner le versement de toute aide publique au développement à leur délivrance.",H,0.6951219512195121,2.0,motion de renvoi en commission,immigration maîtrisée droit d'asile effectif et intégration réussie,0.0001948048
"Enfin, nous l'affirmons avec force, seul le placement en centre de rétention administrative permettra d'assurer l'éloignement effectif des étrangers en situation irrégulière.",17,17_asile_demandes_nationalité_pays,asile - demandes - nationalité - pays - france - étrangers - étranger - réfugié - française - territoire,0.07526909149636264,False,55468,Éric Ciotti,LR,2018-04-16,22,Autre profession,motion de renvoi en commission,immigration maîtrisée droit d'asile effectif et intégration réussie > motion de renvoi en commission,"Enfin, nous l'affirmons avec force, seul le placement en centre de rétention administrative permettra d'assurer l'éloignement effectif des étrangers en situation irrégulière.",H,0.6951219512195121,2.0,motion de renvoi en commission,immigration maîtrisée droit d'asile effectif et intégration réussie,0.0023857756
"Face aux sombres temps qui s'annoncent, il est des demi-mesures qui relèvent, non pas de l'habileté, mais de la faute. C'est pour toutes ces raisons que nous demandons que le projet de loi soit renvoyé en commission.",2,2_motion_renvoi_amendements_rejet,motion - renvoi - amendements - rejet - groupe - commission - nous - texte - républicains - préalable,0.08757701305974645,False,55475,Éric Ciotti,LR,2018-04-16,37,Autre profession,motion de renvoi en commission,immigration maîtrisée droit d'asile effectif et intégration réussie > motion de renvoi en commission,"Face aux sombres temps qui s'annoncent, il est des demi-mesures qui relèvent, non pas de l'habileté, mais de la faute. C'est pour toutes ces raisons que nous demandons que le projet de loi soit renvoyé en commission.",H,0.6951219512195121,2.0,motion de renvoi en commission,immigration maîtrisée droit d'asile effectif et intégration réussie,0.007354159
"Je tiens tout d'abord à dire l'indignation que m'inspirent les propos de M. Boudié, qui sont scandaleux et réducteurs. Ils montrent votre vrai visage, monsieur Boudié, celui du sectarisme : dès qu'on ne pense pas comme vous, conformément à la pensée unique tombant du sommet, on est d'extrême-droite !",35,35_idéologie_vous_insulter_on,idéologie - vous - insulter - on - parce - religion - votre - israël - coupe - gauche,0.0564913697743838,False,55485,Éric Ciotti,LR,2018-04-17,49,Autre profession,article 1er,immigration maîtrisée droit d'asile effectif et intégration réussie > article 1er,"Je tiens tout d'abord à dire l'indignation que m'inspirent les propos de M. Boudié, qui sont scandaleux et réducteurs. Ils montrent votre vrai visage, monsieur Boudié, celui du sectarisme : dès qu'on ne pense pas comme vous, conformément à la pensée unique tombant du sommet, on est d'extrême-droite !",H,0.6951219512195121,2.0,Article Xer,immigration maîtrisée droit d'asile effectif et intégration réussie,0.91695845
"Il s'agit, me semble-t-il, d'une mesure de bon sens ne relevant d'aucune position extrême mais de la nécessité et de l'indispensable exigence de protection de nos concitoyens, notamment face au terrorisme.",52,52_sécurité_cybersécurité_sûreté_répression,sécurité - cybersécurité - sûreté - répression - précaution - terroristes - concitoyens - menace - composée - responsabiliser,0.05169359793860176,False,55488,Éric Ciotti,LR,2018-04-17,31,Autre profession,article 1er,immigration maîtrisée droit d'asile effectif et intégration réussie > article 1er,"Il s'agit, me semble-t-il, d'une mesure de bon sens ne relevant d'aucune position extrême mais de la nécessité et de l'indispensable exigence de protection de nos concitoyens, notamment face au terrorisme.",H,0.6951219512195121,2.0,Article Xer,immigration maîtrisée droit d'asile effectif et intégration réussie,0.8858642
Nous sommes au troisième jour du débat et M. le ministre d'État n'a toujours pas répondu à la question que nous lui avons posée sur le pacte de régularisation.,36,36_immigration_régularisation_clandestins_question,immigration - régularisation - clandestins - question - 40 - régularisés - asile - 000 - nous - régularisations,0.1668939710729859,False,55492,Éric Ciotti,LR,2018-04-18,29,Autre profession,article 2,immigration maîtrisée droit d'asile effectif et intégration réussie > article 2,Nous sommes au troisième jour du débat et M. le ministre d'État n'a toujours pas répondu à la question que nous lui avons posée sur le pacte de régularisation.,H,0.6951219512195121,2.0,Article X,immigration maîtrisée droit d'asile effectif et intégration réussie,0.005109098
"… sans demander le statut de réfugié, sans demander l'asile, on n'a pas le droit de bénéficier de ce statut protecteur, parce que la loi a été violée. Sinon, cela créerait un appel d'air en faveur de l'entrée illégale sur le territoire de la République.",17,17_asile_demandes_nationalité_pays,asile - demandes - nationalité - pays - france - étrangers - étranger - réfugié - française - territoire,1.0,False,55496,Éric Ciotti,LR,2018-04-18,45,Autre profession,article 2,immigration maîtrisée droit d'asile effectif et intégration réussie > article 2,"… sans demander le statut de réfugié, sans demander l'asile, on n'a pas le droit de bénéficier de ce statut protecteur, parce que la loi a été violée. Sinon, cela créerait un appel d'air en faveur de l'entrée illégale sur le territoire de la République.",H,0.6951219512195121,2.0,Article X,immigration maîtrisée droit d'asile effectif et intégration réussie,0.6200982
"Monsieur le président, mon rappel au règlement est fondé sur l'article 58 de notre règlement, qui porte sur le déroulement des séances. Il est à mon sens nécessaire qu'à ce stade nos débats retrouvent une certaine sérénité.",16,16_règlement_58_rappel_alinéa,règlement - 58 - rappel - alinéa - article - fonde - fondement - débats - déroulement - séance,0.5689244166558375,False,55511,Éric Ciotti,LR,2018-04-18,37,Autre profession,article 3,immigration maîtrisée droit d'asile effectif et intégration réussie > article 3,"Monsieur le président, mon rappel au règlement est fondé sur l'article 58 de notre règlement, qui porte sur le déroulement des séances. Il est à mon sens nécessaire qu'à ce stade nos débats retrouvent une certaine sérénité.",H,0.6951219512195121,2.0,Article X,immigration maîtrisée droit d'asile effectif et intégration réussie,0.9667153
"Je souhaite faire un rappel au titre de l'article 58 du règlement. À ce stade de nos débats, je voudrais, madame la présidente, vous demander des explications sur la suite de nos travaux, dont vous venez de rappeler l'avancée très lente.",16,16_règlement_58_rappel_alinéa,règlement - 58 - rappel - alinéa - article - fonde - fondement - débats - déroulement - séance,0.08057698389449204,False,55513,Éric Ciotti,LR,2018-04-19,41,Autre profession,article 3,immigration maîtrisée droit d'asile effectif et intégration réussie > article 3,"Je souhaite faire un rappel au titre de l'article 58 du règlement. À ce stade de nos débats, je voudrais, madame la présidente, vous demander des explications sur la suite de nos travaux, dont vous venez de rappeler l'avancée très lente.",H,0.6951219512195121,2.0,Article X,immigration maîtrisée droit d'asile effectif et intégration réussie,0.8924656
"Après l'article 1er, qui offre aux bénéficiaires de la protection subsidiaire et aux apatrides un titre de séjour d'une durée de quatre ans, et l'article 2 qui supprime le critère de régularité du séjour pour bénéficier de la réunification familiale, …",56,56_concubinage_regroupement_familial_séjour,concubinage - regroupement - familial - séjour - prouver - acte - extension - familiale - étranger - couples,0.03260611732696148,False,55516,Éric Ciotti,LR,2018-04-19,41,Autre profession,article 3,immigration maîtrisée droit d'asile effectif et intégration réussie > article 3,"Après l'article 1er, qui offre aux bénéficiaires de la protection subsidiaire et aux apatrides un titre de séjour d'une durée de quatre ans, et l'article 2 qui supprime le critère de régularité du séjour pour bénéficier de la réunification familiale, …",H,0.6951219512195121,2.0,Article X,immigration maîtrisée droit d'asile effectif et intégration réussie,0.93941754
"… pour s'opposer à une avancée qui va dans le sens de la protection des Français. Posons ce principe auquel nous en appellerons plusieurs fois durant le débat : ceux qui sollicitent le noble statut de réfugié, lorsqu'ils portent atteinte aux intérêts supérieurs de la nation ou mettent en danger nos concitoyens, ne peuvent prétendre le conserver.",17,17_asile_demandes_nationalité_pays,asile - demandes - nationalité - pays - france - étrangers - étranger - réfugié - française - territoire,0.09171567193310448,False,55520,Éric Ciotti,LR,2018-04-19,57,Autre profession,article 4,immigration maîtrisée droit d'asile effectif et intégration réussie > article 4,"… pour s'opposer à une avancée qui va dans le sens de la protection des Français. Posons ce principe auquel nous en appellerons plusieurs fois durant le débat : ceux qui sollicitent le noble statut de réfugié, lorsqu'ils portent atteinte aux intérêts supérieurs de la nation ou mettent en danger nos concitoyens, ne peuvent prétendre le conserver.",H,0.6951219512195121,2.0,Article X,immigration maîtrisée droit d'asile effectif et intégration réussie,0.20379771
"Aujourd'hui, rien n'oblige un demandeur d'asile entré de façon irrégulière sur le territoire national à déposer sa demande avant un délai, qui est actuellement de quatre mois, soit 120 jours, et qui, si le projet de loi est adopté, sera demain de 90 jours.Passer de 120 à 90 jours ne réglera pas la situation extrêmement complexe à laquelle nous sommes confrontés.",3,3_délai_mois_jours_six,délai - mois - jours - six - ans - durée - délais - cinq - quatre - un,0.02530765486621444,False,55531,Éric Ciotti,LR,2018-04-19,61,Autre profession,article 5,immigration maîtrisée droit d'asile effectif et intégration réussie > article 5,"Aujourd'hui, rien n'oblige un demandeur d'asile entré de façon irrégulière sur le territoire national à déposer sa demande avant un délai, qui est actuellement de quatre mois, soit 120 jours, et qui, si le projet de loi est adopté, sera demain de 90 jours.Passer de 120 à 90 jours ne réglera pas la situation extrêmement complexe à laquelle nous sommes confrontés.",H,0.6951219512195121,2.0,Article X,immigration maîtrisée droit d'asile effectif et intégration réussie,0.9700777
"En cette matière, le principe de précaution doit valoir pour la Nation, non pour les terroristes potentiels.",52,52_sécurité_cybersécurité_sûreté_répression,sécurité - cybersécurité - sûreté - répression - précaution - terroristes - concitoyens - menace - composée - responsabiliser,0.03057929295576329,False,55548,Éric Ciotti,LR,2018-04-20,17,Autre profession,article 7,immigration maîtrisée droit d'asile effectif et intégration réussie > article 7,"En cette matière, le principe de précaution doit valoir pour la Nation, non pour les terroristes potentiels.",H,0.6951219512195121,2.0,Article X,immigration maîtrisée droit d'asile effectif et intégration réussie,0.8856149
"Monsieur le président, il faut que nous débattions de cette question, puisque les Alpes-Maritimes sont la porte d'entrée de tous les flux migratoires dans notre pays.",36,36_immigration_régularisation_clandestins_question,immigration - régularisation - clandestins - question - 40 - régularisés - asile - 000 - nous - régularisations,0.05811491463010546,False,55556,Éric Ciotti,LR,2018-04-20,26,Autre profession,article 10 a,immigration maîtrisée droit d'asile effectif et intégration réussie > article 10 a,"Monsieur le président, il faut que nous débattions de cette question, puisque les Alpes-Maritimes sont la porte d'entrée de tous les flux migratoires dans notre pays.",H,0.6951219512195121,2.0,Article X a,immigration maîtrisée droit d'asile effectif et intégration réussie,0.32825482
"L'examen de l'article 16 le démontrera, car le débat aura lieu surtout au sein de la majorité. Les articles sont examinés sereinement. Le nombre d'amendements déposés est important, mais pas excessif. Nous devons donc légitimement constater qu'il est impossible d'achever leur examen dans le délai imparti par la conférence des présidents.",2,2_motion_renvoi_amendements_rejet,motion - renvoi - amendements - rejet - groupe - commission - nous - texte - républicains - préalable,0.10757364847572552,False,55573,Éric Ciotti,LR,2018-04-21,51,Autre profession,discussion des articles,immigration maîtrisée droit d'asile effectif et intégration réussie > discussion des articles,"L'examen de l'article 16 le démontrera, car le débat aura lieu surtout au sein de la majorité. Les articles sont examinés sereinement. Le nombre d'amendements déposés est important, mais pas excessif. Nous devons donc légitimement constater qu'il est impossible d'achever leur examen dans le délai imparti par la conférence des présidents.",H,0.6951219512195121,2.0,discussion des articles,immigration maîtrisée droit d'asile effectif et intégration réussie,0.2433711
"Nous souhaitons obtenir une réponse. Dans l'attente du retour de M. le ministre d'État, nous demandons une suspension de séance.",13,13_suspension_séance_minutes_demande,suspension - séance - minutes - demande - temps - parole - président - heure - je - règlement,0.2532099631941332,False,55578,Éric Ciotti,LR,2018-04-21,20,Autre profession,article 16,immigration maîtrisée droit d'asile effectif et intégration réussie > article 16,"Nous souhaitons obtenir une réponse. Dans l'attente du retour de M. le ministre d'État, nous demandons une suspension de séance.",H,0.6951219512195121,2.0,Article X,immigration maîtrisée droit d'asile effectif et intégration réussie,0.40380836
"Je soutiens les amendements défendus par mes collègues, mais je voudrais évoquer, à propos de la rétention, l'injonction du pseudo-commissaire du Conseil de l'Europe. À quel titre, selon quelle légitimité cette personne délivre-t-elle des injonctions au Parlement français ?",110,110_européenne_commission_accords_commerciaux,européenne - commission - accords - commerciaux - bancaire - parlement - complexe - union - souveraineté - coreper,1.0,False,55586,Éric Ciotti,LR,2018-04-21,39,Autre profession,article 16,immigration maîtrisée droit d'asile effectif et intégration réussie > article 16,"Je soutiens les amendements défendus par mes collègues, mais je voudrais évoquer, à propos de la rétention, l'injonction du pseudo-commissaire du Conseil de l'Europe. À quel titre, selon quelle légitimité cette personne délivre-t-elle des injonctions au Parlement français ?",H,0.6951219512195121,2.0,Article X,immigration maîtrisée droit d'asile effectif et intégration réussie,0.59564924
"Nous sommes les représentants du peuple français et aucun commissaire, sans légitimité ni droits, n'a d'injonctions à adresser à la France.",5,5_référendum_peuple_démocratie_assemblée,référendum - peuple - démocratie - assemblée - vote - populaire - initiative - élus - le - constitution,0.015035198686724293,False,55588,Éric Ciotti,LR,2018-04-21,21,Autre profession,article 16,immigration maîtrisée droit d'asile effectif et intégration réussie > article 16,"Nous sommes les représentants du peuple français et aucun commissaire, sans légitimité ni droits, n'a d'injonctions à adresser à la France.",H,0.6951219512195121,2.0,Article X,immigration maîtrisée droit d'asile effectif et intégration réussie,0.09973049
"À ceux qui viennent en France et ne respectent pas ses lois, nous dirions ainsi qu'ils n'ont aucune place sur le territoire national.",17,17_asile_demandes_nationalité_pays,asile - demandes - nationalité - pays - france - étrangers - étranger - réfugié - française - territoire,0.19319382119162085,False,55599,Éric Ciotti,LR,2018-04-21,23,Autre profession,article 19 bis,immigration maîtrisée droit d'asile effectif et intégration réussie > article 19 bis,"À ceux qui viennent en France et ne respectent pas ses lois, nous dirions ainsi qu'ils n'ont aucune place sur le territoire national.",H,0.6951219512195121,2.0,Article X bis,immigration maîtrisée droit d'asile effectif et intégration réussie,0.8194433
"Sans doute avez-vous mal lu cet amendement, madame la rapporteure, car nous faisons, justement, la différence entre les allocations contributives et celles qui ne le sont pas. Un étranger qui travaille en France et perd son emploi perçoit immédiatement les allocations chômage, bien entendu : c'est la contrepartie des contributions qu'il verse.",0,0_impôt_csg_taxe_euros,impôt - csg - taxe - euros - sur - retraités - prélèvement - hausse - la - revenu,0.15957454907380444,False,55600,Éric Ciotti,LR,2018-04-21,52,Autre profession,après l'article 19 bis,immigration maîtrisée droit d'asile effectif et intégration réussie > après l'article 19 bis,"Sans doute avez-vous mal lu cet amendement, madame la rapporteure, car nous faisons, justement, la différence entre les allocations contributives et celles qui ne le sont pas. Un étranger qui travaille en France et perd son emploi perçoit immédiatement les allocations chômage, bien entendu : c'est la contrepartie des contributions qu'il verse.",H,0.6951219512195121,2.0,après Article X bis,immigration maîtrisée droit d'asile effectif et intégration réussie,0.688417
"Vous leur demandez de faire respecter les lois de la République, et en même temps vous créez des exemptions : ce que vous faites est extrêmement grave.",120,120_autorité_évolutions_réintroduite_circuitez,autorité - évolutions - réintroduite - circuitez - perceptible - inéluctables - loupe - exemptions - contestataires - communication,1.0,False,55617,Éric Ciotti,LR,2018-04-22,27,Autre profession,après l'article 19 bis,immigration maîtrisée droit d'asile effectif et intégration réussie > après l'article 19 bis,"Vous leur demandez de faire respecter les lois de la République, et en même temps vous créez des exemptions : ce que vous faites est extrêmement grave.",H,0.6951219512195121,2.0,après Article X bis,immigration maîtrisée droit d'asile effectif et intégration réussie,0.15277152
Ce que vous faites est par conséquent extrêmement grave : nous vous le disons solennellement et vous demandons de revenir sur cette disposition.,54,54_engagements_votre_ministre_premier,engagements - votre - ministre - premier - pris - promesses - rassurer - vous - prêt - engagement,0.0517152299025841,False,55621,Éric Ciotti,LR,2018-04-22,23,Autre profession,après l'article 19 bis,immigration maîtrisée droit d'asile effectif et intégration réussie > après l'article 19 bis,Ce que vous faites est par conséquent extrêmement grave : nous vous le disons solennellement et vous demandons de revenir sur cette disposition.,H,0.6951219512195121,2.0,après Article X bis,immigration maîtrisée droit d'asile effectif et intégration réussie,0.14594077
"Il vise tout d'abord à réaffirmer le principe de laïcité, sur lequel j'ai eu l'occasion de m'exprimer cet après-midi en défendant un autre amendement, cette laïcité nécessaire et exigeante qui doit s'opposer aux avancées d'un communautarisme de plus en plus menaçant pour la République alors que certaines religions, notamment pour le dire très clairement, l'islam politique, s'opposent chaque jour davantage à elle.",115,115_communautarisme_laïcité_islamisme_idéologie,communautarisme - laïcité - islamisme - idéologie - islam - religion - terrorisme - haine - actes - islamiste,0.07762612131639449,False,55663,Éric Ciotti,LR,2018-07-12,62,Autre profession,avant l'article 1er,démocratie plus représentative responsable et efficace > avant l'article 1er,"Il vise tout d'abord à réaffirmer le principe de laïcité, sur lequel j'ai eu l'occasion de m'exprimer cet après-midi en défendant un autre amendement, cette laïcité nécessaire et exigeante qui doit s'opposer aux avancées d'un communautarisme de plus en plus menaçant pour la République alors que certaines religions, notamment pour le dire très clairement, l'islam politique, s'opposent chaque jour davantage à elle.",H,0.6951219512195121,2.0,avant Article Xer,démocratie plus représentative responsable et efficace,0.7272501
"Le contrôle d'identité n'est aujourd'hui possible que sur réquisition du Parquet ou face à la constatation de faits qui pourraient relever de la commission d'un délit ou d'un crime. Dans un contexte de menace terroriste aussi grave, cela est particulièrement choquant. Tel est l'objet de cet amendement, comme de ceux qui suivent.",132,132_identité_faciès_justifier_contrôle,identité - faciès - justifier - contrôle - document - éthique - contrôles - refus - édictés - allégué,1.0,False,55681,Éric Ciotti,LR,2018-07-19,52,Autre profession,après l'article 2,démocratie plus représentative responsable et efficace > après l'article 2,"Le contrôle d'identité n'est aujourd'hui possible que sur réquisition du Parquet ou face à la constatation de faits qui pourraient relever de la commission d'un délit ou d'un crime. Dans un contexte de menace terroriste aussi grave, cela est particulièrement choquant. Tel est l'objet de cet amendement, comme de ceux qui suivent.",H,0.6951219512195121,2.0,après Article X,démocratie plus représentative responsable et efficace,0.53210217
"Quant à nous, nous défendrons nos positions. Nous considérons que c'est le moment de débattre de sujets essentiels.",24,24_débat_nous_débats_discussion,débat - nous - débats - discussion - feux - sereinement - avons - positions - ce - que,0.2060455806593816,False,55694,Éric Ciotti,LR,2018-07-19,18,Autre profession,après l'article 2,démocratie plus représentative responsable et efficace > après l'article 2,"Quant à nous, nous défendrons nos positions. Nous considérons que c'est le moment de débattre de sujets essentiels.",H,0.6951219512195121,2.0,après Article X,démocratie plus représentative responsable et efficace,0.15895583
Ce débat mérite d'être posé : il ne relève pas de la caricature que vous exposez aujourd'hui.,15,15_propos_je_pas_ne,propos - je - pas - ne - vous - arguments - ai - invectives - que - ce,1.0,True,55696,Éric Ciotti,LR,2018-07-19,17,Autre profession,après l'article 2,démocratie plus représentative responsable et efficace > après l'article 2,Ce débat mérite d'être posé : il ne relève pas de la caricature que vous exposez aujourd'hui.,H,0.6951219512195121,2.0,après Article X,démocratie plus représentative responsable et efficace,0.6257548
Ce projet de loi va dans le mauvais sens ! Je suis contre l'extension du droit au regroupement familial !,56,56_concubinage_regroupement_familial_séjour,concubinage - regroupement - familial - séjour - prouver - acte - extension - familiale - étranger - couples,0.09712981493983097,False,55700,Éric Ciotti,LR,2018-07-19,20,Autre profession,après l'article 2,démocratie plus représentative responsable et efficace > après l'article 2,Ce projet de loi va dans le mauvais sens ! Je suis contre l'extension du droit au regroupement familial !,H,0.6951219512195121,2.0,après Article X,démocratie plus représentative responsable et efficace,0.68331254
"Pourquoi le badge à l'Assemblée nationale, le salaire, le logement quai Branly, dans un bâtiment normalement réservé aux plus hautes personnalités de l'Élysée ? Pourquoi cette nomination au grade de lieutenant-colonel de réserve de la gendarmerie nationale à vingt-six ans ?",23,23_benalla_élysée_alexandre_badge,benalla - élysée - alexandre - badge - affaire - préfet - macron - police - cabinet - équipe,0.06864092010632956,False,55707,Éric Ciotti,LR,2018-07-21,41,Autre profession,discussion des articles,démocratie plus représentative responsable et efficace > discussion des articles,"Pourquoi le badge à l'Assemblée nationale, le salaire, le logement quai Branly, dans un bâtiment normalement réservé aux plus hautes personnalités de l'Élysée ? Pourquoi cette nomination au grade de lieutenant-colonel de réserve de la gendarmerie nationale à vingt-six ans ?",H,0.6951219512195121,2.0,discussion des articles,démocratie plus représentative responsable et efficace,0.05522236
"Avec votre permission, monsieur le président, je défendrai en même temps l'amendement no 118 deuxième rectification, qui sera appelé dans un instant.",118,118_défendrai_permettez_no_amendements,défendrai - permettez - no - amendements - temps - président - conjointement - même - présenterai - nos,0.2094941726447986,False,55724,Éric Ciotti,LR,2018-07-25,22,Autre profession,article 4,immigration maîtrisée droit d'asile effectif et intégration réussie > article 4,"Avec votre permission, monsieur le président, je défendrai en même temps l'amendement no 118 deuxième rectification, qui sera appelé dans un instant.",H,0.6951219512195121,2.0,Article X,immigration maîtrisée droit d'asile effectif et intégration réussie,0.7372668
"En raison de la défaillance de ce dernier, les pompiers sont aujourd'hui devenus une variable d'ajustement, voire un dernier recours, dans nos zones rurales de plus en plus souvent privées de médecins généralistes et d'établissements de soins, mais aussi dans certains quartiers urbains.",8,8_médecins_médecine_soins_hôpitaux,médecins - médecine - soins - hôpitaux - santé - patients - médicale - hôpital - plus - sont,0.0699533663968598,False,55758,Éric Ciotti,LR,2018-11-06,43,Autre profession,administration générale et territoriale de l'État,projet de loi de finances pour 2019 > administration générale et territoriale de l'État,"En raison de la défaillance de ce dernier, les pompiers sont aujourd'hui devenus une variable d'ajustement, voire un dernier recours, dans nos zones rurales de plus en plus souvent privées de médecins généralistes et d'établissements de soins, mais aussi dans certains quartiers urbains.",H,0.6951219512195121,2.0,administration générale et territoriale de l'État,projet de loi de finances pour 2019,0.7091979
"Face aux lobbies financiers, monsieur le ministre, je vous demande d'agir avec un peu de courage, le plus fort et le plus rapidement possible.",54,54_engagements_votre_ministre_premier,engagements - votre - ministre - premier - pris - promesses - rassurer - vous - prêt - engagement,0.08459915807660591,False,55763,Éric Ciotti,LR,2018-11-06,24,Autre profession,administration générale et territoriale de l'État,projet de loi de finances pour 2019 > administration générale et territoriale de l'État,"Face aux lobbies financiers, monsieur le ministre, je vous demande d'agir avec un peu de courage, le plus fort et le plus rapidement possible.",H,0.6951219512195121,2.0,administration générale et territoriale de l'État,projet de loi de finances pour 2019,0.2647328
"C'est pourtant simple : les allocations comme l'ADA sont-elles indexées sur l'inflation, ou non ? Pourquoi ne répondez-vous pas ?",0,0_impôt_csg_taxe_euros,impôt - csg - taxe - euros - sur - retraités - prélèvement - hausse - la - revenu,0.15071980826853384,False,55772,Éric Ciotti,LR,2018-11-06,20,Autre profession,mission immigration asile et intégration (état b),projet de loi de finances pour 2019 > mission immigration asile et intégration (état b),"C'est pourtant simple : les allocations comme l'ADA sont-elles indexées sur l'inflation, ou non ? Pourquoi ne répondez-vous pas ?",H,0.6951219512195121,2.0,mission immigration asile et intégration (état b),projet de loi de finances pour 2019,0.061344698
C'est faux ! Ils taxent les travailleurs qui ont besoin de leur voiture pour aller travailler !,58,58_voiture_véhicule_carburants_hausse,voiture - véhicule - carburants - hausse - fioul - prix - chauffer - aller - travailler - leur,0.18246173426040987,False,55787,Éric Ciotti,LR,2018-11-14,17,Autre profession,taxation des carburants,questions au gouvernement > taxation des carburants,C'est faux ! Ils taxent les travailleurs qui ont besoin de leur voiture pour aller travailler !,H,0.6951219512195121,2.0,taxation des carburants,questions au gouvernement,0.005010684
"C'est en effet, monsieur le président, un rappel au règlement au titre de l'article 58, puisqu'il porte sur l'organisation de cette séance. Cela a déjà été dit, mais je crois qu'il faut le redire et le répéter encore : …",16,16_règlement_58_rappel_alinéa,règlement - 58 - rappel - alinéa - article - fonde - fondement - débats - déroulement - séance,1.0,False,55813,Éric Ciotti,LR,2018-12-03,40,Autre profession,discussion générale,projet de loi de financement de la sécurité sociale pour 2019 > discussion générale,"C'est en effet, monsieur le président, un rappel au règlement au titre de l'article 58, puisqu'il porte sur l'organisation de cette séance. Cela a déjà été dit, mais je crois qu'il faut le redire et le répéter encore : …",H,0.6951219512195121,2.0,discussion générale,projet de loi de financement de la sécurité sociale pour 2019,0.79869545
"Ma question s'adresse à M. le Premier ministre. Notre pays a une chance immense, celle de disposer d'hommes et de femmes exceptionnels pour assurer notre sécurité : nos policiers et nos gendarmes. Nos policiers notamment ont démontré, une fois de plus, leur courage et leur efficacité en neutralisant le terroriste islamiste auteur du tragique attentat de Strasbourg.",50,50_hommage_victimes_rendre_attentat,hommage - victimes - rendre - attentat - policiers - forces - abord - ordre - gendarmes - aux,0.08834071048983058,False,55863,Éric Ciotti,LR,2018-12-18,57,Autre profession,mesures en faveur des policiers,questions au gouvernement > mesures en faveur des policiers,"Ma question s'adresse à M. le Premier ministre. Notre pays a une chance immense, celle de disposer d'hommes et de femmes exceptionnels pour assurer notre sécurité : nos policiers et nos gendarmes. Nos policiers notamment ont démontré, une fois de plus, leur courage et leur efficacité en neutralisant le terroriste islamiste auteur du tragique attentat de Strasbourg.",H,0.6951219512195121,2.0,mesures en faveur des policiers,questions au gouvernement,0.8597435
"Enfin, en commission des lois, les députés de la majorité ont largement contraint l'article 6, qui visait à renforcer et à élargir la peine complémentaire d'interdiction de manifester. De nouveau, vous avez déposé un amendement sur cet article sans que la commission des lois ait pu se prononcer sur son opportunité.",2,2_motion_renvoi_amendements_rejet,motion - renvoi - amendements - rejet - groupe - commission - nous - texte - républicains - préalable,0.11470130633317245,False,55893,Éric Ciotti,LR,2019-01-29,51,Autre profession,motion de renvoi en commission,prévention et sanction des violences lors des manifestations > motion de renvoi en commission,"Enfin, en commission des lois, les députés de la majorité ont largement contraint l'article 6, qui visait à renforcer et à élargir la peine complémentaire d'interdiction de manifester. De nouveau, vous avez déposé un amendement sur cet article sans que la commission des lois ait pu se prononcer sur son opportunité.",H,0.6951219512195121,2.0,motion de renvoi en commission,prévention et sanction des violences lors des manifestations,0.0037619078
"Autrement dit, les mesures contenues dans la proposition de loi initiale ont été détricotées, et – nous vous le disons solennellement – ce texte s'apparente à un faux-semblant supplémentaire, qui ne permettra pas de faire face à la radicalisation des mouvances contestataires. Une fois de plus, l'annonce de fermeté semble se réduire à un effet de communication.",120,120_autorité_évolutions_réintroduite_circuitez,autorité - évolutions - réintroduite - circuitez - perceptible - inéluctables - loupe - exemptions - contestataires - communication,1.0,False,55894,Éric Ciotti,LR,2019-01-29,57,Autre profession,motion de renvoi en commission,prévention et sanction des violences lors des manifestations > motion de renvoi en commission,"Autrement dit, les mesures contenues dans la proposition de loi initiale ont été détricotées, et – nous vous le disons solennellement – ce texte s'apparente à un faux-semblant supplémentaire, qui ne permettra pas de faire face à la radicalisation des mouvances contestataires. Une fois de plus, l'annonce de fermeté semble se réduire à un effet de communication.",H,0.6951219512195121,2.0,motion de renvoi en commission,prévention et sanction des violences lors des manifestations,0.0003948614
"Elle n'a pas pu effectuer son travail dans de bonnes conditions.C'est la raison pour laquelle, nous vous invitons à voter cette motion de renvoi en commission. Nous le faisons pour renforcer ce texte, nous le faisons pour rétablir l'ordre républicain et nous le faisons pour protéger ceux qui nous protègent.",2,2_motion_renvoi_amendements_rejet,motion - renvoi - amendements - rejet - groupe - commission - nous - texte - républicains - préalable,0.04990662323286747,False,55901,Éric Ciotti,LR,2019-01-29,50,Autre profession,motion de renvoi en commission,prévention et sanction des violences lors des manifestations > motion de renvoi en commission,"Elle n'a pas pu effectuer son travail dans de bonnes conditions.C'est la raison pour laquelle, nous vous invitons à voter cette motion de renvoi en commission. Nous le faisons pour renforcer ce texte, nous le faisons pour rétablir l'ordre républicain et nous le faisons pour protéger ceux qui nous protègent.",H,0.6951219512195121,2.0,motion de renvoi en commission,prévention et sanction des violences lors des manifestations,0.73573625
"Je ne sais pas quelle mouche a piqué M. de Courson pour qu'il tienne des propos aussi excessifs, …",15,15_propos_je_pas_ne,propos - je - pas - ne - vous - arguments - ai - invectives - que - ce,0.11979542432289916,False,55905,Éric Ciotti,LR,2019-01-30,19,Autre profession,article 2,prévention et sanction des violences lors des manifestations > article 2,"Je ne sais pas quelle mouche a piqué M. de Courson pour qu'il tienne des propos aussi excessifs, …",H,0.6951219512195121,2.0,Article X,prévention et sanction des violences lors des manifestations,0.25873113
"Face à cette situation, le Gouvernement porte une lourde responsabilité. Monsieur le ministre, vous avez échoué à rétablir l'ordre républicain.",73,73_votre_faites_cacophonie_frileux,votre - faites - cacophonie - frileux - politique - vous - iront - ministres - lourde - doutes,1.0,True,55926,Éric Ciotti,LR,2019-02-05,20,Autre profession,explications de vote,prévention et sanction des violences lors des manifestations > explications de vote,"Face à cette situation, le Gouvernement porte une lourde responsabilité. Monsieur le ministre, vous avez échoué à rétablir l'ordre républicain.",H,0.6951219512195121,2.0,explications de vote,prévention et sanction des violences lors des manifestations,0.003591073
"Dans ce contexte, la proposition de loi des sénateurs du groupe Les Républicains a constitué pour vous une bouée de sauvetage dans une forme de naufrage.",2,2_motion_renvoi_amendements_rejet,motion - renvoi - amendements - rejet - groupe - commission - nous - texte - républicains - préalable,0.08902088024124209,False,55927,Éric Ciotti,LR,2019-02-05,26,Autre profession,explications de vote,prévention et sanction des violences lors des manifestations > explications de vote,"Dans ce contexte, la proposition de loi des sénateurs du groupe Les Républicains a constitué pour vous une bouée de sauvetage dans une forme de naufrage.",H,0.6951219512195121,2.0,explications de vote,prévention et sanction des violences lors des manifestations,0.8243191
"… pour réaffirmer très clairement notre attachement commun à ce principe fondamental, qui a valeur constitutionnelle : celui de la laïcité en toute circonstance, au coeur de l'école de la République !",51,51_laïcité_1905_république_école,laïcité - 1905 - république - école - religions - concordat - géométrie - variable - fondamentaux - cultes,1.0,False,55941,Éric Ciotti,LR,2019-02-12,32,Autre profession,après l'article premier,pour une école de la confiance > après l'article premier,"… pour réaffirmer très clairement notre attachement commun à ce principe fondamental, qui a valeur constitutionnelle : celui de la laïcité en toute circonstance, au coeur de l'école de la République !",H,0.6951219512195121,2.0,après Article X,pour une école de la confiance,0.37709633
"La laïcité a-t-elle progressé ? Le communautarisme n'a-t-il pas, depuis lors, fait des ravages dans notre société ? Où sont les menaces ? Ne proviennent-elles pas du communautarisme religieux et – oui, je le dis – du communautarisme islamiste ?",115,115_communautarisme_laïcité_islamisme_idéologie,communautarisme - laïcité - islamisme - idéologie - islam - religion - terrorisme - haine - actes - islamiste,0.14963335061094613,False,55945,Éric Ciotti,LR,2019-02-12,40,Autre profession,après l'article 1er,pour une école de la confiance > après l'article 1er,"La laïcité a-t-elle progressé ? Le communautarisme n'a-t-il pas, depuis lors, fait des ravages dans notre société ? Où sont les menaces ? Ne proviennent-elles pas du communautarisme religieux et – oui, je le dis – du communautarisme islamiste ?",H,0.6951219512195121,2.0,après Article Xer,pour une école de la confiance,0.36868742
"Aujourd'hui, nous voulons redire aux préfets, aux policiers et aux gendarmes, qui sont en première ligne de front contre la violence, notre soutien, notre considération et notre respect.",50,50_hommage_victimes_rendre_attentat,hommage - victimes - rendre - attentat - policiers - forces - abord - ordre - gendarmes - aux,0.37053248010989287,False,55955,Éric Ciotti,LR,2019-03-20,28,Autre profession,maintien de l'ordre lors des manifestations,questions au gouvernement > maintien de l'ordre lors des manifestations,"Aujourd'hui, nous voulons redire aux préfets, aux policiers et aux gendarmes, qui sont en première ligne de front contre la violence, notre soutien, notre considération et notre respect.",H,0.6951219512195121,2.0,maintien de l'ordre lors des manifestations,questions au gouvernement,0.99409866
"La division par deux de la part de richesse nationale consacrée à la protection des Français peut sembler un peu abstraite. Voici donc deux autres chiffres : sur 1 000 euros de dépense publique consentie par la nation, à peine 25 sont consacrés à la sécurité, et à peine 4 à la justice. C'est ridiculement faible.",22,22_euros_milliards_millions_fonds,euros - milliards - millions - fonds - innovation - budget - moins - 250 - collectivités - état,1.0,False,55969,Éric Ciotti,LR,2019-06-20,56,Autre profession,présentation,sécurité intérieure > présentation,"La division par deux de la part de richesse nationale consacrée à la protection des Français peut sembler un peu abstraite. Voici donc deux autres chiffres : sur 1 000 euros de dépense publique consentie par la nation, à peine 25 sont consacrés à la sécurité, et à peine 4 à la justice. C'est ridiculement faible.",H,0.6951219512195121,2.0,présentation,sécurité intérieure,0.9806276
"L'article 3 vise à remédier à une situation parfaitement insupportable : aujourd'hui, l'État doit à nos policiers le paiement de 25 millions d'heures supplémentaires. C'est un scandale !",0,0_impôt_csg_taxe_euros,impôt - csg - taxe - euros - sur - retraités - prélèvement - hausse - la - revenu,0.05915745109440056,False,55979,Éric Ciotti,LR,2019-06-20,28,Autre profession,présentation,sécurité intérieure > présentation,"L'article 3 vise à remédier à une situation parfaitement insupportable : aujourd'hui, l'État doit à nos policiers le paiement de 25 millions d'heures supplémentaires. C'est un scandale !",H,0.6951219512195121,2.0,présentation,sécurité intérieure,0.048765134
"Nous nous devons de dépasser les postures partisanes, les préjugés et les dogmes, d'où qu'ils viennent. C'est la raison pour laquelle nous espérons que ce texte sera soutenu par l'ensemble des députés.",2,2_motion_renvoi_amendements_rejet,motion - renvoi - amendements - rejet - groupe - commission - nous - texte - républicains - préalable,0.059448811465038436,False,55981,Éric Ciotti,LR,2019-06-20,32,Autre profession,présentation,sécurité intérieure > présentation,"Nous nous devons de dépasser les postures partisanes, les préjugés et les dogmes, d'où qu'ils viennent. C'est la raison pour laquelle nous espérons que ce texte sera soutenu par l'ensemble des députés.",H,0.6951219512195121,2.0,présentation,sécurité intérieure,0.99965227
"Je salue tout d'abord la tonalité de nos débats, à la hauteur du respect et de la reconnaissance que nous devons à nos forces de sécurité pour leur engagement. Tous les orateurs l'ont reconnu, à commencer par M. le secrétaire d'État : nous devons tous nous mobiliser pour renforcer les moyens de ceux qui protègent nos concitoyens.",46,46_pompiers_engagement_sapeurs_volontaires,pompiers - engagement - sapeurs - volontaires - leur - service - volontaire - notre - bénévoles - soutien,0.0997682552052612,False,55982,Éric Ciotti,LR,2019-06-20,57,Autre profession,discussion générale,sécurité intérieure > discussion générale,"Je salue tout d'abord la tonalité de nos débats, à la hauteur du respect et de la reconnaissance que nous devons à nos forces de sécurité pour leur engagement. Tous les orateurs l'ont reconnu, à commencer par M. le secrétaire d'État : nous devons tous nous mobiliser pour renforcer les moyens de ceux qui protègent nos concitoyens.",H,0.6951219512195121,2.0,discussion générale,sécurité intérieure,0.8227487
"Je veux juste préciser que par deux fois, en 2007 et en 2011, alors que cette excuse de minorité avait été remise en cause, notamment dans la LOPPSI 2, dont j'étais le rapporteur, le Conseil constitutionnel a validé cette disposition : elle est donc bien constitutionnelle, tandis que votre refus n'est que politique.",109,109_constitutionnel_conseil_disposition_constitutionnalité,constitutionnel - conseil - disposition - constitutionnalité - opposerait - adoptée - figure - intéressant - 146 - loppsi,1.0,False,55998,Éric Ciotti,LR,2019-06-20,53,Autre profession,article 7,sécurité intérieure > article 7,"Je veux juste préciser que par deux fois, en 2007 et en 2011, alors que cette excuse de minorité avait été remise en cause, notamment dans la LOPPSI 2, dont j'étais le rapporteur, le Conseil constitutionnel a validé cette disposition : elle est donc bien constitutionnelle, tandis que votre refus n'est que politique.",H,0.6951219512195121,2.0,Article X,sécurité intérieure,0.40508914
"C'est un avis favorable à cet amendement de suppression. Pour ma part, je regrette là encore qu'on veuille supprimer un dispositif qui conférerait des prérogatives nouvelles aux polices municipales, favorisant leur complémentarité avec les forces de la police nationale.",99,99_transposer_ratification_madame_relative,transposer - ratification - madame - relative - physicien - chers - constitutionnaliser - directive - collègues - rédaction,1.0,False,56002,Éric Ciotti,LR,2019-06-20,39,Autre profession,article 9,sécurité intérieure > article 9,"C'est un avis favorable à cet amendement de suppression. Pour ma part, je regrette là encore qu'on veuille supprimer un dispositif qui conférerait des prérogatives nouvelles aux polices municipales, favorisant leur complémentarité avec les forces de la police nationale.",H,0.6951219512195121,2.0,Article X,sécurité intérieure,0.701413
"La commission a émis un avis favorable, ce que là aussi je regrette, avec les arguments que j'ai exposés précédemment.",4,4_amendement_retire_no_je,amendement - retire - no - je - retirer - avis - mme - mon - commission - amendements,0.13543385959542045,False,56003,Éric Ciotti,LR,2019-06-20,20,Autre profession,article 10,sécurité intérieure > article 10,"La commission a émis un avis favorable, ce que là aussi je regrette, avec les arguments que j'ai exposés précédemment.",H,0.6951219512195121,2.0,Article X,sécurité intérieure,0.99964476
La commission a émis un avis défavorable. Nous avons déjà débattu sur ce point tout à l'heure.,4,4_amendement_retire_no_je,amendement - retire - no - je - retirer - avis - mme - mon - commission - amendements,0.2356076404338769,False,56010,Éric Ciotti,LR,2019-06-20,17,Autre profession,après l'article 10,sécurité intérieure > après l'article 10,La commission a émis un avis défavorable. Nous avons déjà débattu sur ce point tout à l'heure.,H,0.6951219512195121,2.0,après Article X,sécurité intérieure,0.9999484
"La commission a émis un avis défavorable à cet amendement. Il est similaire à l'amendement no 60, que j'ai défendu tout à l'heure.",4,4_amendement_retire_no_je,amendement - retire - no - je - retirer - avis - mme - mon - commission - amendements,0.23773418898082874,False,56024,Éric Ciotti,LR,2019-06-20,23,Autre profession,après l'article 10,sécurité intérieure > après l'article 10,"La commission a émis un avis défavorable à cet amendement. Il est similaire à l'amendement no 60, que j'ai défendu tout à l'heure.",H,0.6951219512195121,2.0,après Article X,sécurité intérieure,0.9999449
"expulser immédiatement les étrangers délinquants, criminels et tous ceux qui constituent une menace pour la France ; rétablir les contrôles aux frontières intérieures ; …",17,17_asile_demandes_nationalité_pays,asile - demandes - nationalité - pays - france - étrangers - étranger - réfugié - française - territoire,0.17079656044140343,False,56036,Éric Ciotti,LR,2019-10-07,25,Autre profession,déclaration du gouvernement suivie d'un débat sur la politique migratoire de la france et de l'europe,déclaration du gouvernement suivie d'un débat sur la politique migratoire de la france et de l'europe,"expulser immédiatement les étrangers délinquants, criminels et tous ceux qui constituent une menace pour la France ; rétablir les contrôles aux frontières intérieures ; …",H,0.6951219512195121,2.0,déclaration du gouvernement suivie d'un débat sur la politique migratoire de la france et de l'europe,Sans contexte,0.25599945
"Ce matin, avec une immense émotion, la nation a rendu hommage aux quatre fonctionnaires de la préfecture de police assassinés jeudi, dans le lieu même où ils sont tombés au service de la France. Je veux assurer les familles d'Aurélia Trifiro, de Brice Le Mescam, de Damien Ernest et d'Anthony Lancelot de notre profond soutien.",50,50_hommage_victimes_rendre_attentat,hommage - victimes - rendre - attentat - policiers - forces - abord - ordre - gendarmes - aux,1.0,False,56042,Éric Ciotti,LR,2019-10-08,55,Autre profession,attaque terroriste à la préfecture de police,questions au gouvernement > attaque terroriste à la préfecture de police,"Ce matin, avec une immense émotion, la nation a rendu hommage aux quatre fonctionnaires de la préfecture de police assassinés jeudi, dans le lieu même où ils sont tombés au service de la France. Je veux assurer les familles d'Aurélia Trifiro, de Brice Le Mescam, de Damien Ernest et d'Anthony Lancelot de notre profond soutien.",H,0.6951219512195121,2.0,attaque terroriste à la préfecture de police,questions au gouvernement,0.020042062
Je veux dire aussi aux policiers et à tous ceux qui portent un uniforme de la République notre infinie reconnaissance pour leur immense courage.,50,50_hommage_victimes_rendre_attentat,hommage - victimes - rendre - attentat - policiers - forces - abord - ordre - gendarmes - aux,1.0,False,56043,Éric Ciotti,LR,2019-10-08,24,Autre profession,attaque terroriste à la préfecture de police,questions au gouvernement > attaque terroriste à la préfecture de police,Je veux dire aussi aux policiers et à tous ceux qui portent un uniforme de la République notre infinie reconnaissance pour leur immense courage.,H,0.6951219512195121,2.0,attaque terroriste à la préfecture de police,questions au gouvernement,0.11982689
